{
  "spawn_pos": {
    "pos": [-872.5, 0.0, -323.0],
    "yaw": 90.0,
    "pitch": 0.0
  },
  "spectator_spawn_pos": {
    "pos": [-68.0, 133.0, -535.5],
    "yaw": -90.0,
    "pitch": 15.0
  },
  "ready_area": {
    "minX": -1017.0,
    "minY": -1.0,
    "minZ": -363.5,
    "maxX": -813.0,
    "maxY": 3.0,
    "maxZ": -357.5
  },
  "play_area_offset": {
    "x": 963.0,
    "y": 121.0,
    "z": -175.0
  },
  "play_area": {
    "minX": -140.0,
    "minY": 118.0,
    "minZ": -550.5,
    "maxX": 230.0,
    "maxY": 200.0,
    "maxZ": -520.5
  },
  "reset_template_area": {
    "minX": -57.0,
    "minY": 64.0,
    "minZ": -531.0,
    "maxX": 177.0,
    "maxY": 74.0,
    "maxZ": -541.0
  },
  "reset_paste_area": {
    "minX": -57.0,
    "minY": 119.0,
    "minZ": -531.0,
    "maxX": 177.0,
    "maxY": 129.0,
    "maxZ": -541.0
  }
}